﻿<?xml version="1.0"?>
<simple>
    <head>
        <meta name="Generator" content="Microsoft Windows Media Player -- 12.0.7601.17514"/>
        <meta name="ItemCount" content="0"/>
        <meta name="IsFavorite"/>
        <meta name="ContentPartnerListID"/>
        <meta name="ContentPartnerNameType"/>
        <meta name="ContentPartnerName"/>
        <meta name="Subtitle"/>
        <author/>
        <title>testplaylist2</title>
    </head>
    <body>
        <seq>
            <media src="..\..\..\Public\Music\Sample Music\Sleep Away.mp3" cover="./music/a.png" name="1st Sleep Away"/>
            <media src="..\..\..\Public\Music\Sample Music\Kalimba.mp3" cover="./music/b.png" name="2nd Kalimba"/>
            <media src="..\..\..\Public\Music\Sample Music\Maid with the Flaxen Hair.mp3" cover="./music/g.png" name="Maid Width the Flaxen Hair"/>
            <media src="..\..\..\Public\Music\Sample Music\Sleep Away.mp3" cover="./music/d.png" name="Sleep Away"/>
            <media src="..\..\..\Public\Music\Sample Music\Kalimba.mp3" cover="./music/e.png" name="Kalimba"/>
            <media src="..\..\..\Public\Music\Sample Music\Maid with the Flaxen Hair.mp3" cover="./music/f.png" name="Maid Width the Flaxen Hair"/>
            <media src="..\..\..\Public\Music\Sample Music\Sleep Away.mp3" cover="./music/a.png" name="Sleep Away"/>
            <media src="..\..\..\Public\Music\Sample Music\Kalimba.mp3" cover="./music/b.png" name="Kalimba"/>
            <media src="..\..\..\Public\Music\Sample Music\Maid with the Flaxen Hair.mp3" cover="./music/g.png" name="Maid Width the Flaxen Hair"/>
            <media src="..\..\..\Public\Music\Sample Music\Sleep Away.mp3" cover="./music/d.png" name="Sleep Away"/>
            <media src="..\..\..\Public\Music\Sample Music\Kalimba.mp3" cover="./music/e.png" name="Kalimba"/>
            <media src="..\..\..\Public\Music\Sample Music\Maid with the Flaxen Hair.mp3" cover="./music/f.png" name="Maid Width the Flaxen Hair"/>
            <media src="..\..\..\Public\Music\Sample Music\Sleep Away.mp3" cover="./music/a.png" name="Sleep Away"/>
            <media src="..\..\..\Public\Music\Sample Music\Kalimba.mp3" cover="./music/b.png" name="Kalimba"/>
            <media src="..\..\..\Public\Music\Sample Music\Maid with the Flaxen Hair.mp3" cover="./music/g.png" name="Maid Width the Flaxen Hair"/>
            <media src="..\..\..\Public\Music\Sample Music\Sleep Away.mp3" cover="./music/d.png" name="Sleep Away"/>
            <media src="..\..\..\Public\Music\Sample Music\Kalimba.mp3" cover="./music/e.png" name="Kalimba"/>
            <media src="..\..\..\Public\Music\Sample Music\Maid with the Flaxen Hair.mp3" cover="./music/f.png" name="Maid Width the Flaxen Hair"/>
            <media src="..\..\..\Public\Music\Sample Music\Sleep Away.mp3" cover="./music/a.png" name="Sleep Away"/>
            <media src="..\..\..\Public\Music\Sample Music\Kalimba.mp3" cover="./music/b.png" name="Kalimba"/>
            <media src="..\..\..\Public\Music\Sample Music\Maid with the Flaxen Hair.mp3" cover="./music/g.png" name="Maid Width the Flaxen Hair"/>
            <media src="..\..\..\Public\Music\Sample Music\Sleep Away.mp3" cover="./music/d.png" name="Sleep Away"/>
            <media src="..\..\..\Public\Music\Sample Music\Kalimba.mp3" cover="./music/e.png" name="Kalimba"/>
            <media src="..\..\..\Public\Music\Sample Music\Maid with the Flaxen Hair.mp3" cover="./music/f.png" name="Maid Width the Flaxen Hair"/>
            <media src="..\..\..\Public\Music\Sample Music\Sleep Away.mp3" cover="./music/a.png" name="Sleep Away"/>
            <media src="..\..\..\Public\Music\Sample Music\Kalimba.mp3" cover="./music/b.png" name="Kalimba"/>
            <media src="..\..\..\Public\Music\Sample Music\Maid with the Flaxen Hair.mp3" cover="./music/g.png" name="Maid Width the Flaxen Hair"/>
            <media src="..\..\..\Public\Music\Sample Music\Sleep Away.mp3" cover="./music/d.png" name="Sleep Away"/>
            <media src="..\..\..\Public\Music\Sample Music\Kalimba.mp3" cover="./music/e.png" name="Kalimba"/>
            <media src="..\..\..\Public\Music\Sample Music\Maid with the Flaxen Hair.mp3" cover="./music/f.png" name="Maid Width the Flaxen Hair"/>
            <media src="..\..\..\Public\Music\Sample Music\Sleep Away.mp3" cover="./music/a.png" name="Sleep Away"/>
            <media src="..\..\..\Public\Music\Sample Music\Kalimba.mp3" cover="./music/b.png" name="Kalimba"/>
            <media src="..\..\..\Public\Music\Sample Music\Maid with the Flaxen Hair.mp3" cover="./music/g.png" name="Maid Width the Flaxen Hair"/>
            <media src="..\..\..\Public\Music\Sample Music\Sleep Away.mp3" cover="./music/d.png" name="Sleep Away"/>
            <media src="..\..\..\Public\Music\Sample Music\Kalimba.mp3" cover="./music/e.png" name="Kalimba"/>
            <media src="..\..\..\Public\Music\Sample Music\Maid with the Flaxen Hair.mp3" cover="./music/f.png" name="Maid Width the Flaxen Hair"/>
            <media src="..\..\..\Public\Music\Sample Music\Sleep Away.mp3" cover="./music/a.png" name="Sleep Away"/>
            <media src="..\..\..\Public\Music\Sample Music\Kalimba.mp3" cover="./music/b.png" name="Kalimba"/>
            <media src="..\..\..\Public\Music\Sample Music\Maid with the Flaxen Hair.mp3" cover="./music/g.png" name="Maid Width the Flaxen Hair"/>
            <media src="..\..\..\Public\Music\Sample Music\Sleep Away.mp3" cover="./music/d.png" name="Sleep Away"/>
            <media src="..\..\..\Public\Music\Sample Music\Kalimba.mp3" cover="./music/e.png" name="Kalimba"/>
            <media src="..\..\..\Public\Music\Sample Music\Maid with the Flaxen Hair.mp3" cover="./music/f.png" name="Maid Width the Flaxen Hair"/>
            <media src="..\..\..\Public\Music\Sample Music\Sleep Away.mp3" cover="./music/a.png" name="Sleep Away"/>
            <media src="..\..\..\Public\Music\Sample Music\Kalimba.mp3" cover="./music/b.png" name="Kalimba"/>
            <media src="..\..\..\Public\Music\Sample Music\Maid with the Flaxen Hair.mp3" cover="./music/g.png" name="Maid Width the Flaxen Hair"/>
            <media src="..\..\..\Public\Music\Sample Music\Sleep Away.mp3" cover="./music/d.png" name="Sleep Away"/>
            <media src="..\..\..\Public\Music\Sample Music\Kalimba.mp3" cover="./music/e.png" name="Kalimba"/>
            <media src="..\..\..\Public\Music\Sample Music\Maid with the Flaxen Hair.mp3" cover="./music/f.png" name="Maid Width the Flaxen Hair"/>
            <media src="..\..\..\Public\Music\Sample Music\Sleep Away.mp3" cover="./music/a.png" name="Sleep Away"/>
            <media src="..\..\..\Public\Music\Sample Music\Kalimba.mp3" cover="./music/b.png" name="Kalimba"/>
            <media src="..\..\..\Public\Music\Sample Music\Maid with the Flaxen Hair.mp3" cover="./music/g.png" name="Maid Width the Flaxen Hair"/>
            <media src="..\..\..\Public\Music\Sample Music\Sleep Away.mp3" cover="./music/d.png" name="Sleep Away"/>
            <media src="..\..\..\Public\Music\Sample Music\Kalimba.mp3" cover="./music/e.png" name="Kalimba"/>
            <media src="..\..\..\Public\Music\Sample Music\Maid with the Flaxen Hair.mp3" cover="./music/f.png" name="Maid Width the Flaxen Hair"/>
            <media src="..\..\..\Public\Music\Sample Music\Sleep Away.mp3" cover="./music/a.png" name="Sleep Away"/>
            <media src="..\..\..\Public\Music\Sample Music\Kalimba.mp3" cover="./music/b.png" name="Kalimba"/>
            <media src="..\..\..\Public\Music\Sample Music\Maid with the Flaxen Hair.mp3" cover="./music/g.png" name="Maid Width the Flaxen Hair"/>
            <media src="..\..\..\Public\Music\Sample Music\Sleep Away.mp3" cover="./music/d.png" name="Sleep Away"/>
            <media src="..\..\..\Public\Music\Sample Music\Kalimba.mp3" cover="./music/e.png" name="Kalimba"/>
            <media src="..\..\..\Public\Music\Sample Music\Maid with the Flaxen Hair.mp3" cover="./music/f.png" name="Maid Width the Flaxen Hair"/>
            <media src="..\..\..\Public\Music\Sample Music\Sleep Away.mp3" cover="./music/a.png" name="Sleep Away"/>
            <media src="..\..\..\Public\Music\Sample Music\Kalimba.mp3" cover="./music/b.png" name="Kalimba"/>
            <media src="..\..\..\Public\Music\Sample Music\Maid with the Flaxen Hair.mp3" cover="./music/g.png" name="Maid Width the Flaxen Hair"/>
            <media src="..\..\..\Public\Music\Sample Music\Sleep Away.mp3" cover="./music/d.png" name="Sleep Away"/>
            <media src="..\..\..\Public\Music\Sample Music\Kalimba.mp3" cover="./music/e.png" name="Kalimba"/>
            <media src="..\..\..\Public\Music\Sample Music\Maid with the Flaxen Hair.mp3" cover="./music/f.png" name="Maid Width the Flaxen Hair"/>
            <media src="..\..\..\Public\Music\Sample Music\Sleep Away.mp3" cover="./music/a.png" name="Sleep Away"/>
            <media src="..\..\..\Public\Music\Sample Music\Kalimba.mp3" cover="./music/b.png" name="Kalimba"/>
            <media src="..\..\..\Public\Music\Sample Music\Maid with the Flaxen Hair.mp3" cover="./music/g.png" name="Maid Width the Flaxen Hair"/>
            <media src="..\..\..\Public\Music\Sample Music\Sleep Away.mp3" cover="./music/d.png" name="Sleep Away"/>
            <media src="..\..\..\Public\Music\Sample Music\Kalimba.mp3" cover="./music/e.png" name="Kalimba"/>
            <media src="..\..\..\Public\Music\Sample Music\Maid with the Flaxen Hair.mp3" cover="./music/f.png" name="Maid Width the Flaxen Hair"/>
            <media src="..\..\..\Public\Music\Sample Music\Sleep Away.mp3" cover="./music/a.png" name="Sleep Away"/>
            <media src="..\..\..\Public\Music\Sample Music\Kalimba.mp3" cover="./music/b.png" name="Kalimba"/>
            <media src="..\..\..\Public\Music\Sample Music\Maid with the Flaxen Hair.mp3" cover="./music/g.png" name="Maid Width the Flaxen Hair"/>
            <media src="..\..\..\Public\Music\Sample Music\Sleep Away.mp3" cover="./music/d.png" name="Sleep Away"/>
            <media src="..\..\..\Public\Music\Sample Music\Kalimba.mp3" cover="./music/e.png" name="Kalimba"/>
            <media src="..\..\..\Public\Music\Sample Music\Maid with the Flaxen Hair.mp3" cover="./music/f.png" name="Maid Width the Flaxen Hair"/>
            <media src="..\..\..\Public\Music\Sample Music\Sleep Away.mp3" cover="./music/a.png" name="Sleep Away"/>
            <media src="..\..\..\Public\Music\Sample Music\Kalimba.mp3" cover="./music/b.png" name="Kalimba"/>
            <media src="..\..\..\Public\Music\Sample Music\Maid with the Flaxen Hair.mp3" cover="./music/g.png" name="Maid Width the Flaxen Hair"/>
            <media src="..\..\..\Public\Music\Sample Music\Sleep Away.mp3" cover="./music/d.png" name="Sleep Away"/>
            <media src="..\..\..\Public\Music\Sample Music\Kalimba.mp3" cover="./music/e.png" name="Kalimba"/>
            <media src="..\..\..\Public\Music\Sample Music\Maid with the Flaxen Hair.mp3" cover="./music/f.png" name="Maid Width the Flaxen Hair"/>
            <media src="..\..\..\Public\Music\Sample Music\Sleep Away.mp3" cover="./music/a.png" name="Sleep Away"/>
            <media src="..\..\..\Public\Music\Sample Music\Kalimba.mp3" cover="./music/b.png" name="Kalimba"/>
            <media src="..\..\..\Public\Music\Sample Music\Maid with the Flaxen Hair.mp3" cover="./music/g.png" name="Maid Width the Flaxen Hair"/>
            <media src="..\..\..\Public\Music\Sample Music\Sleep Away.mp3" cover="./music/d.png" name="Sleep Away"/>
            <media src="..\..\..\Public\Music\Sample Music\Kalimba.mp3" cover="./music/e.png" name="Kalimba"/>
            <media src="..\..\..\Public\Music\Sample Music\Maid with the Flaxen Hair.mp3" cover="./music/f.png" name="Maid Width the Flaxen Hair"/>
            <media src="..\..\..\Public\Music\Sample Music\Sleep Away.mp3" cover="./music/a.png" name="Sleep Away"/>
            <media src="..\..\..\Public\Music\Sample Music\Kalimba.mp3" cover="./music/b.png" name="Kalimba"/>
            <media src="..\..\..\Public\Music\Sample Music\Maid with the Flaxen Hair.mp3" cover="./music/g.png" name="Maid Width the Flaxen Hair"/>
            <media src="..\..\..\Public\Music\Sample Music\Sleep Away.mp3" cover="./music/d.png" name="Sleep Away"/>
            <media src="..\..\..\Public\Music\Sample Music\Kalimba.mp3" cover="./music/e.png" name="Kalimba"/>
            <media src="..\..\..\Public\Music\Sample Music\Maid with the Flaxen Hair.mp3" cover="./music/f.png" name="Maid Width the Flaxen Hair"/>
            <media src="..\..\..\Public\Music\Sample Music\Sleep Away.mp3" cover="./music/a.png" name="Sleep Away"/>
            <media src="..\..\..\Public\Music\Sample Music\Kalimba.mp3" cover="./music/b.png" name="Kalimba"/>
            <media src="..\..\..\Public\Music\Sample Music\Maid with the Flaxen Hair.mp3" cover="./music/g.png" name="Maid Width the Flaxen Hair"/>
            <media src="..\..\..\Public\Music\Sample Music\Sleep Away.mp3" cover="./music/d.png" name="Sleep Away"/>
            <media src="..\..\..\Public\Music\Sample Music\Kalimba.mp3" cover="./music/e.png" name="Kalimba"/>
            <media src="..\..\..\Public\Music\Sample Music\Maid with the Flaxen Hair.mp3" cover="./music/f.png" name="Maid Width the Flaxen Hair"/>
            <media src="..\..\..\Public\Music\Sample Music\Sleep Away.mp3" cover="./music/a.png" name="Sleep Away"/>
            <media src="..\..\..\Public\Music\Sample Music\Kalimba.mp3" cover="./music/b.png" name="Kalimba"/>
            <media src="..\..\..\Public\Music\Sample Music\Maid with the Flaxen Hair.mp3" cover="./music/g.png" name="Maid Width the Flaxen Hair"/>
            <media src="..\..\..\Public\Music\Sample Music\Sleep Away.mp3" cover="./music/d.png" name="Sleep Away"/>
            <media src="..\..\..\Public\Music\Sample Music\Kalimba.mp3" cover="./music/e.png" name="Kalimba"/>
            <media src="..\..\..\Public\Music\Sample Music\Maid with the Flaxen Hair.mp3" cover="./music/f.png" name="Maid Width the Flaxen Hair"/>
            <media src="..\..\..\Public\Music\Sample Music\Sleep Away.mp3" cover="./music/a.png" name="Sleep Away"/>
            <media src="..\..\..\Public\Music\Sample Music\Kalimba.mp3" cover="./music/b.png" name="Kalimba"/>
            <media src="..\..\..\Public\Music\Sample Music\Maid with the Flaxen Hair.mp3" cover="./music/g.png" name="Maid Width the Flaxen Hair"/>
            <media src="..\..\..\Public\Music\Sample Music\Sleep Away.mp3" cover="./music/d.png" name="Sleep Away"/>
            <media src="..\..\..\Public\Music\Sample Music\Kalimba.mp3" cover="./music/e.png" name="Kalimba"/>
            <media src="..\..\..\Public\Music\Sample Music\Maid with the Flaxen Hair.mp3" cover="./music/f.png" name="Maid Width the Flaxen Hair"/>
            <media src="..\..\..\Public\Music\Sample Music\Sleep Away.mp3" cover="./music/a.png" name="Sleep Away"/>
            <media src="..\..\..\Public\Music\Sample Music\Kalimba.mp3" cover="./music/b.png" name="Kalimba"/>
            <media src="..\..\..\Public\Music\Sample Music\Maid with the Flaxen Hair.mp3" cover="./music/g.png" name="Maid Width the Flaxen Hair"/>
            <media src="..\..\..\Public\Music\Sample Music\Sleep Away.mp3" cover="./music/d.png" name="Sleep Away"/>
            <media src="..\..\..\Public\Music\Sample Music\Kalimba.mp3" cover="./music/e.png" name="Kalimba"/>
            <media src="..\..\..\Public\Music\Sample Music\Maid with the Flaxen Hair.mp3" cover="./music/f.png" name="Maid Width the Flaxen Hair"/>
            <media src="..\..\..\Public\Music\Sample Music\Sleep Away.mp3" cover="./music/a.png" name="Sleep Away"/>
            <media src="..\..\..\Public\Music\Sample Music\Kalimba.mp3" cover="./music/b.png" name="Kalimba"/>
            <media src="..\..\..\Public\Music\Sample Music\Maid with the Flaxen Hair.mp3" cover="./music/g.png" name="Maid Width the Flaxen Hair"/>
            <media src="..\..\..\Public\Music\Sample Music\Sleep Away.mp3" cover="./music/d.png" name="Sleep Away"/>
            <media src="..\..\..\Public\Music\Sample Music\Kalimba.mp3" cover="./music/e.png" name="Kalimba"/>
            <media src="..\..\..\Public\Music\Sample Music\Maid with the Flaxen Hair.mp3" cover="./music/f.png" name="Maid Width the Flaxen Hair"/>
            <media src="..\..\..\Public\Music\Sample Music\Sleep Away.mp3" cover="./music/a.png" name="Sleep Away"/>
            <media src="..\..\..\Public\Music\Sample Music\Kalimba.mp3" cover="./music/b.png" name="Kalimba"/>
            <media src="..\..\..\Public\Music\Sample Music\Maid with the Flaxen Hair.mp3" cover="./music/g.png" name="Maid Width the Flaxen Hair"/>
            <media src="..\..\..\Public\Music\Sample Music\Sleep Away.mp3" cover="./music/d.png" name="Sleep Away"/>
            <media src="..\..\..\Public\Music\Sample Music\Kalimba.mp3" cover="./music/e.png" name="Kalimba"/>
            <media src="..\..\..\Public\Music\Sample Music\Maid with the Flaxen Hair.mp3" cover="./music/f.png" name="Maid Width the Flaxen Hair"/>
            <media src="..\..\..\Public\Music\Sample Music\Sleep Away.mp3" cover="./music/a.png" name="Sleep Away"/>
            <media src="..\..\..\Public\Music\Sample Music\Kalimba.mp3" cover="./music/b.png" name="Kalimba"/>
            <media src="..\..\..\Public\Music\Sample Music\Maid with the Flaxen Hair.mp3" cover="./music/g.png" name="Maid Width the Flaxen Hair"/>
            <media src="..\..\..\Public\Music\Sample Music\Sleep Away.mp3" cover="./music/d.png" name="Sleep Away"/>
            <media src="..\..\..\Public\Music\Sample Music\Kalimba.mp3" cover="./music/e.png" name="Kalimba"/>
            <media src="..\..\..\Public\Music\Sample Music\Maid with the Flaxen Hair.mp3" cover="./music/f.png" name="Maid Width the Flaxen Hair"/>
            <media src="..\..\..\Public\Music\Sample Music\Sleep Away.mp3" cover="./music/a.png" name="Sleep Away"/>
            <media src="..\..\..\Public\Music\Sample Music\Kalimba.mp3" cover="./music/b.png" name="Kalimba"/>
            <media src="..\..\..\Public\Music\Sample Music\Maid with the Flaxen Hair.mp3" cover="./music/g.png" name="Maid Width the Flaxen Hair"/>
            <media src="..\..\..\Public\Music\Sample Music\Sleep Away.mp3" cover="./music/d.png" name="Sleep Away"/>
            <media src="..\..\..\Public\Music\Sample Music\Kalimba.mp3" cover="./music/e.png" name="Kalimba"/>
            <media src="..\..\..\Public\Music\Sample Music\Maid with the Flaxen Hair.mp3" cover="./music/f.png" name="Maid Width the Flaxen Hair"/>
            <media src="..\..\..\Public\Music\Sample Music\Sleep Away.mp3" cover="./music/a.png" name="Sleep Away"/>
            <media src="..\..\..\Public\Music\Sample Music\Kalimba.mp3" cover="./music/b.png" name="Kalimba"/>
            <media src="..\..\..\Public\Music\Sample Music\Maid with the Flaxen Hair.mp3" cover="./music/g.png" name="Maid Width the Flaxen Hair"/>
            <media src="..\..\..\Public\Music\Sample Music\Sleep Away.mp3" cover="./music/d.png" name="Sleep Away"/>
            <media src="..\..\..\Public\Music\Sample Music\Kalimba.mp3" cover="./music/e.png" name="Kalimba"/>
            <media src="..\..\..\Public\Music\Sample Music\Maid with the Flaxen Hair.mp3" cover="./music/f.png" name="Maid Width the Flaxen Hair"/>
            <media src="..\..\..\Public\Music\Sample Music\Sleep Away.mp3" cover="./music/a.png" name="Sleep Away"/>
            <media src="..\..\..\Public\Music\Sample Music\Kalimba.mp3" cover="./music/b.png" name="Kalimba"/>
            <media src="..\..\..\Public\Music\Sample Music\Maid with the Flaxen Hair.mp3" cover="./music/g.png" name="Maid Width the Flaxen Hair"/>
            <media src="..\..\..\Public\Music\Sample Music\Sleep Away.mp3" cover="./music/d.png" name="Sleep Away"/>
            <media src="..\..\..\Public\Music\Sample Music\Kalimba.mp3" cover="./music/e.png" name="Kalimba"/>
            <media src="..\..\..\Public\Music\Sample Music\Maid with the Flaxen Hair.mp3" cover="./music/f.png" name="Maid Width the Flaxen Hair"/>
            <media src="..\..\..\Public\Music\Sample Music\Sleep Away.mp3" cover="./music/a.png" name="Sleep Away"/>
            <media src="..\..\..\Public\Music\Sample Music\Kalimba.mp3" cover="./music/b.png" name="Kalimba"/>
            <media src="..\..\..\Public\Music\Sample Music\Maid with the Flaxen Hair.mp3" cover="./music/g.png" name="Maid Width the Flaxen Hair"/>
            <media src="..\..\..\Public\Music\Sample Music\Sleep Away.mp3" cover="./music/d.png" name="Sleep Away"/>
            <media src="..\..\..\Public\Music\Sample Music\Kalimba.mp3" cover="./music/e.png" name="Kalimba"/>
            <media src="..\..\..\Public\Music\Sample Music\Maid with the Flaxen Hair.mp3" cover="./music/f.png" name="Maid Width the Flaxen Hair"/>
            <media src="..\..\..\Public\Music\Sample Music\Sleep Away.mp3" cover="./music/a.png" name="Sleep Away"/>
            <media src="..\..\..\Public\Music\Sample Music\Kalimba.mp3" cover="./music/b.png" name="Kalimba"/>
            <media src="..\..\..\Public\Music\Sample Music\Maid with the Flaxen Hair.mp3" cover="./music/g.png" name="Maid Width the Flaxen Hair"/>
            <media src="..\..\..\Public\Music\Sample Music\Sleep Away.mp3" cover="./music/d.png" name="Sleep Away"/>
            <media src="..\..\..\Public\Music\Sample Music\Kalimba.mp3" cover="./music/e.png" name="Kalimba"/>
            <media src="..\..\..\Public\Music\Sample Music\Maid with the Flaxen Hair.mp3" cover="./music/f.png" name="Maid Width the Flaxen Hair"/>
            <media src="..\..\..\Public\Music\Sample Music\Sleep Away.mp3" cover="./music/a.png" name="Sleep Away"/>
            <media src="..\..\..\Public\Music\Sample Music\Kalimba.mp3" cover="./music/b.png" name="Kalimba"/>
            <media src="..\..\..\Public\Music\Sample Music\Maid with the Flaxen Hair.mp3" cover="./music/g.png" name="Maid Width the Flaxen Hair"/>
            <media src="..\..\..\Public\Music\Sample Music\Sleep Away.mp3" cover="./music/d.png" name="Sleep Away"/>
            <media src="..\..\..\Public\Music\Sample Music\Kalimba.mp3" cover="./music/e.png" name="Kalimba"/>
            <media src="..\..\..\Public\Music\Sample Music\Maid with the Flaxen Hair.mp3" cover="./music/f.png" name="Maid Width the Flaxen Hair"/>
            <media src="..\..\..\Public\Music\Sample Music\Sleep Away.mp3" cover="./music/a.png" name="Sleep Away"/>
            <media src="..\..\..\Public\Music\Sample Music\Kalimba.mp3" cover="./music/b.png" name="Kalimba"/>
            <media src="..\..\..\Public\Music\Sample Music\Maid with the Flaxen Hair.mp3" cover="./music/g.png" name="Maid Width the Flaxen Hair"/>
            <media src="..\..\..\Public\Music\Sample Music\Sleep Away.mp3" cover="./music/d.png" name="Sleep Away"/>
            <media src="..\..\..\Public\Music\Sample Music\Kalimba.mp3" cover="./music/e.png" name="Kalimba"/>
            <media src="..\..\..\Public\Music\Sample Music\Maid with the Flaxen Hair.mp3" cover="./music/f.png" name="Maid Width the Flaxen Hair"/>
            <media src="..\..\..\Public\Music\Sample Music\Sleep Away.mp3" cover="./music/a.png" name="Sleep Away"/>
            <media src="..\..\..\Public\Music\Sample Music\Kalimba.mp3" cover="./music/b.png" name="Kalimba"/>
            <media src="..\..\..\Public\Music\Sample Music\Maid with the Flaxen Hair.mp3" cover="./music/g.png" name="Maid Width the Flaxen Hair"/>
            <media src="..\..\..\Public\Music\Sample Music\Sleep Away.mp3" cover="./music/d.png" name="Sleep Away"/>
            <media src="..\..\..\Public\Music\Sample Music\Kalimba.mp3" cover="./music/e.png" name="Kalimba"/>
            <media src="..\..\..\Public\Music\Sample Music\Maid with the Flaxen Hair.mp3" cover="./music/f.png" name="Maid Width the Flaxen Hair"/>
            <media src="..\..\..\Public\Music\Sample Music\Sleep Away.mp3" cover="./music/a.png" name="Sleep Away"/>
            <media src="..\..\..\Public\Music\Sample Music\Kalimba.mp3" cover="./music/b.png" name="Kalimba"/>
            <media src="..\..\..\Public\Music\Sample Music\Maid with the Flaxen Hair.mp3" cover="./music/g.png" name="Maid Width the Flaxen Hair"/>
            <media src="..\..\..\Public\Music\Sample Music\Sleep Away.mp3" cover="./music/d.png" name="Sleep Away"/>
            <media src="..\..\..\Public\Music\Sample Music\Kalimba.mp3" cover="./music/e.png" name="Kalimba"/>
            <media src="..\..\..\Public\Music\Sample Music\Maid with the Flaxen Hair.mp3" cover="./music/f.png" name="End of May"/>
        </seq>
    </body>
</simple>